{
  "source": "FlyWire proofread_connections_783: FC2 upstream input map + per-cell targeting, \u00a73.5",
  "n_fc2": 85,
  "total_input_syn": 78193.0,
  "typed_coverage": 0.9999616333942936,
  "n_presynaptic_types": 287,
  "category_fractions": {
    "FB_tangential_broad": 0.5454452444592227,
    "recurrence": 0.366567339787449,
    "PFN_directional": 0.05322727098333611,
    "other": 0.0347601447699922
  },
  "n_mbon_in_brain": 96,
  "mbon_direct_frac": 0.0,
  "top_inputs": {
    "FB5A": {
      "syn": 7741.0,
      "pct": 9.899863159106314,
      "category": "FB_tangential_broad"
    },
    "hDeltaJ": {
      "syn": 4801.0,
      "pct": 6.139935799879785,
      "category": "recurrence"
    },
    "hDeltaH": {
      "syn": 3142.0,
      "pct": 4.018262504316243,
      "category": "recurrence"
    },
    "hDeltaG": {
      "syn": 3087.0,
      "pct": 3.9479237271878556,
      "category": "recurrence"
    },
    "hDeltaC": {
      "syn": 2855.0,
      "pct": 3.651221976391749,
      "category": "recurrence"
    },
    "hDeltaL": {
      "syn": 2609.0,
      "pct": 3.3366158095993246,
      "category": "recurrence"
    },
    "PFNm": {
      "syn": 2124.0,
      "pct": 2.7163556840126355,
      "category": "PFN_directional"
    },
    "FB2M": {
      "syn": 2046.0,
      "pct": 2.6166025091760132,
      "category": "FB_tangential_broad"
    },
    "PFNp": {
      "syn": 1955.0,
      "pct": 2.500223805199954,
      "category": "PFN_directional"
    },
    "vDeltaG,vDeltaH": {
      "syn": 1585.0,
      "pct": 2.0270356681544386,
      "category": "recurrence"
    },
    "hDeltaE": {
      "syn": 1509.0,
      "pct": 1.9298402670315757,
      "category": "recurrence"
    },
    "FB4N": {
      "syn": 1480.0,
      "pct": 1.8927525481820624,
      "category": "FB_tangential_broad"
    },
    "FB2F_b": {
      "syn": 1398.0,
      "pct": 1.787883825917921,
      "category": "FB_tangential_broad"
    },
    "vDeltaI_a": {
      "syn": 1398.0,
      "pct": 1.787883825917921,
      "category": "recurrence"
    },
    "hDeltaF": {
      "syn": 1396.0,
      "pct": 1.7853260522041614,
      "category": "recurrence"
    }
  },
  "per_type_targeting": {
    "FB5A": {
      "n_cells": 4,
      "conc_mean": 0.20381629452668465,
      "conc_med": 0.20977602018401925,
      "ntgt_med": 84.0,
      "syn": 7741.0,
      "pct": 9.899863159106314,
      "category": "FB_tangential_broad"
    },
    "hDeltaJ": {
      "n_cells": 30,
      "conc_mean": 0.9243298652185439,
      "conc_med": 0.9643716744091737,
      "ntgt_med": 13.0,
      "syn": 4801.0,
      "pct": 6.139935799879785,
      "category": "recurrence"
    },
    "hDeltaH": {
      "n_cells": 8,
      "conc_mean": 0.8735736193218175,
      "conc_med": 0.8744342201885138,
      "ntgt_med": 20.5,
      "syn": 3142.0,
      "pct": 4.018262504316243,
      "category": "recurrence"
    },
    "hDeltaG": {
      "n_cells": 8,
      "conc_mean": 0.8929008677087755,
      "conc_med": 0.9271530610864976,
      "ntgt_med": 26.5,
      "syn": 3087.0,
      "pct": 3.9479237271878556,
      "category": "recurrence"
    },
    "hDeltaC": {
      "n_cells": 21,
      "conc_mean": 0.9106596258082178,
      "conc_med": 0.9104265834591071,
      "ntgt_med": 15.0,
      "syn": 2855.0,
      "pct": 3.651221976391749,
      "category": "recurrence"
    },
    "hDeltaL": {
      "n_cells": 12,
      "conc_mean": 0.908604375077529,
      "conc_med": 0.931575072854242,
      "ntgt_med": 18.0,
      "syn": 2609.0,
      "pct": 3.3366158095993246,
      "category": "recurrence"
    },
    "PFNm": {
      "n_cells": 55,
      "conc_mean": 0.9580113782215389,
      "conc_med": 0.971652765569324,
      "ntgt_med": 10.0,
      "syn": 2124.0,
      "pct": 2.7163556840126355,
      "category": "PFN_directional"
    },
    "FB2M": {
      "n_cells": 6,
      "conc_mean": 0.21841302190104459,
      "conc_med": 0.2025987812288954,
      "ntgt_med": 39.5,
      "syn": 2046.0,
      "pct": 2.6166025091760132,
      "category": "FB_tangential_broad"
    },
    "PFNp": {
      "n_cells": 13,
      "conc_mean": 0.9448583552353877,
      "conc_med": 0.9515509967294263,
      "ntgt_med": 8.0,
      "syn": 1955.0,
      "pct": 2.500223805199954,
      "category": "PFN_directional"
    },
    "vDeltaG,vDeltaH": {
      "n_cells": 19,
      "conc_mean": 0.8443250434034258,
      "conc_med": 0.8336666883069321,
      "ntgt_med": 15.0,
      "syn": 1585.0,
      "pct": 2.0270356681544386,
      "category": "recurrence"
    },
    "hDeltaE": {
      "n_cells": 8,
      "conc_mean": 0.9072321727214158,
      "conc_med": 0.9372841957564193,
      "ntgt_med": 14.0,
      "syn": 1509.0,
      "pct": 1.9298402670315757,
      "category": "recurrence"
    },
    "FB4N": {
      "n_cells": 2,
      "conc_mean": 0.15110777079279653,
      "conc_med": 0.15110777079279653,
      "ntgt_med": 69.5,
      "syn": 1480.0,
      "pct": 1.8927525481820624,
      "category": "FB_tangential_broad"
    },
    "FB2F_b": {
      "n_cells": 4,
      "conc_mean": 0.2622692388275675,
      "conc_med": 0.26514508330624564,
      "ntgt_med": 60.0,
      "syn": 1398.0,
      "pct": 1.787883825917921,
      "category": "FB_tangential_broad"
    },
    "vDeltaI_a": {
      "n_cells": 17,
      "conc_mean": 0.8555001606559036,
      "conc_med": 0.835629631665032,
      "ntgt_med": 12.0,
      "syn": 1398.0,
      "pct": 1.787883825917921,
      "category": "recurrence"
    },
    "hDeltaF": {
      "n_cells": 8,
      "conc_mean": 0.873544825828068,
      "conc_med": 0.8654186205696737,
      "ntgt_med": 20.5,
      "syn": 1396.0,
      "pct": 1.7853260522041614,
      "category": "recurrence"
    },
    "FB5AB": {
      "n_cells": 2,
      "conc_mean": 0.2620028935215817,
      "conc_med": 0.2620028935215817,
      "ntgt_med": 57.5,
      "syn": 1364.0,
      "pct": 1.7444016727840088,
      "category": "FB_tangential_broad"
    },
    "FB5W": {
      "n_cells": 6,
      "conc_mean": 0.38278684308653416,
      "conc_med": 0.2595630188346714,
      "ntgt_med": 33.0,
      "syn": 1343.0,
      "pct": 1.7175450487895336,
      "category": "FB_tangential_broad"
    },
    "FB7G,FB7I": {
      "n_cells": 12,
      "conc_mean": 0.20163154512051218,
      "conc_med": 0.1763392098771672,
      "ntgt_med": 37.0,
      "syn": 1335.0,
      "pct": 1.7073139539344955,
      "category": "FB_tangential_broad"
    },
    "FB4X": {
      "n_cells": 2,
      "conc_mean": 0.22268634775084326,
      "conc_med": 0.22268634775084326,
      "ntgt_med": 48.5,
      "syn": 1305.0,
      "pct": 1.6689473482281023,
      "category": "FB_tangential_broad"
    },
    "hDeltaM": {
      "n_cells": 8,
      "conc_mean": 0.8655839800117098,
      "conc_med": 0.8942685431397692,
      "ntgt_med": 17.5,
      "syn": 1279.0,
      "pct": 1.6356962899492282,
      "category": "recurrence"
    },
    "vDeltaF": {
      "n_cells": 19,
      "conc_mean": 0.858302792357864,
      "conc_med": 0.8787862438165476,
      "ntgt_med": 12.0,
      "syn": 1094.0,
      "pct": 1.3991022214264703,
      "category": "recurrence"
    },
    "FB2F_c": {
      "n_cells": 4,
      "conc_mean": 0.24335051293974513,
      "conc_med": 0.2622800146183021,
      "ntgt_med": 58.5,
      "syn": 1027.0,
      "pct": 1.3134168020155257,
      "category": "FB_tangential_broad"
    },
    "FB2G": {
      "n_cells": 4,
      "conc_mean": 0.1832234231345021,
      "conc_med": 0.17330728784641142,
      "ntgt_med": 65.0,
      "syn": 888.0,
      "pct": 1.1356515289092375,
      "category": "FB_tangential_broad"
    },
    "FB2J_a,FB2J_c": {
      "n_cells": 5,
      "conc_mean": 0.3090078406315556,
      "conc_med": 0.346248111084796,
      "ntgt_med": 28.0,
      "syn": 873.0,
      "pct": 1.1164682260560408,
      "category": "FB_tangential_broad"
    },
    "FB5O": {
      "n_cells": 3,
      "conc_mean": 0.24410692610936824,
      "conc_med": 0.2541979679874971,
      "ntgt_med": 44.0,
      "syn": 866.0,
      "pct": 1.1075160180578825,