{"source": "FlyWire proofread_connections_783: FB5A<->FC2 (divisive-normalization / soft k-WTA, \u00a73.5)", "n_fc2": 85, "n_fb5a": 4, "power": 2.0, "g_inh": 5.0, "sigma": 0.05, "inh_w": [1.4823665618896484, 1.6470739841461182, 0.933341920375824, 0.9662834405899048, 0.7356930375099182, 0.922361433506012, 1.0102053880691528, 1.1419713497161865, 0.043921973556280136, 1.1419713497161865, 0.5709856748580933, 0.9772639274597168, 0.933341920375824, 1.087068796157837, 0.9553029537200928, 1.1639323234558105, 0.757654070854187, 0.3403953015804291, 0.021960986778140068, 0.5929466485977173, 0.8454980254173279, 0.8235369920730591, 0.8564785122871399, 0.7137320637702942, 0.8235369920730591, 0.5380441546440125, 0.8235369920730591, 0.790595531463623, 0.9662834405899048, 0.8235369920730591, 1.0541273355484009, 0.8784394860267639, 0.7137320637702942, 0.9553029537200928, 1.0431468486785889, 0.9662834405899048, 1.076088309288025, 0.6149076223373413, 1.087068796157837, 0.9772639274597168, 0.6698101162910461, 0.9553029537200928, 1.0321663618087769, 1.0431468486785889, 1.1968737840652466, 0.9553029537200928, 0.8674589991569519, 1.1200103759765625, 1.1090298891067505, 0.9992249011993408, 1.0431468486785889, 1.1639323234558105, 0.8345174789428711, 1.2298152446746826, 0.9553029537200928, 1.1858932971954346, 1.3396202325820923, 1.1309908628463745, 1.1200103759765625, 1.1968737840652466, 1.0541273355484009, 1.2078542709350586, 1.4384446144104004, 0.9443224668502808, 1.3725616931915283, 1.3506007194519043, 1.1968737840652466, 1.3176592588424683, 1.1200103759765625, 1.065107822418213, 1.087068796157837, 1.3506007194519043, 0.9992249011993408, 1.1529518365859985, 1.0211858749389648, 1.504327654838562, 1.1639323234558105, 1.1200103759765625, 1.3506007194519043, 1.4164836406707764, 1.2517762184143066, 1.087068796157837, 0.32941481471061707, 0.9772639274597168, 1.1749128103256226], "pool": [0.01149425283074379, 0.00846944935619831, 0.009679370559751987, 0.014519056305289268, 0.006352087017148733, 0.013006654568016529, 0.010889291763305664, 0.017543859779834747, 0.0, 0.01693889871239662, 0.005747126415371895, 0.012704174034297466, 0.011191772297024727, 0.012704174034297466, 0.00998185109347105, 0.018148820847272873, 0.00998185109347105, 0.003327283775433898, 0.0, 0.008166968822479248, 0.009679370559751987, 0.008166968822479248, 0.011796733364462852, 0.007562008686363697, 0.011191772297024727, 0.00786448922008276, 0.009074410423636436, 0.01149425283074379, 0.013309135101735592, 0.010284331627190113, 0.009679370559751987, 0.009679370559751987, 0.01149425283074379, 0.011796733364462852, 0.011796733364462852, 0.00998185109347105, 0.013006654568016529, 0.0051421658135950565, 0.012704174034297466, 0.016333937644958496, 0.010889291763305664, 0.014821536839008331, 0.011796733364462852, 0.012401693500578403, 0.015426496975123882, 0.007562008686363697, 0.010586812160909176, 0.013006654568016529, 0.019056260585784912, 0.013611615635454655, 0.005444645881652832, 0.020266182720661163, 0.01572897844016552, 0.018753781914711, 0.01663641817867756, 0.013309135101735592, 0.014821536839008331, 0.009074410423636436, 0.006654567550867796, 0.019358741119503975, 0.00786448922008276, 0.006352087017148733, 0.0093768909573555, 0.006352087017148733, 0.014519056305289268, 0.017241379246115685, 0.007562008686363697, 0.019358741119503975, 0.01693889871239662, 0.008771929889917374, 0.0051421658135950565, 0.00846944935619831, 0.014519056305289268, 0.01572897844016552, 0.017543859779834747, 0.012099213898181915, 0.008166968822479248, 0.013309135101735592, 0.01784634031355381, 0.014519056305289268, 0.021778583526611328, 0.01572897844016552, 0.006352087017148733, 0.012704174034297466, 0.019661221653223038]}